Word Index,Word,Start Time (s),End Time (s),Duration (s),Start Timestamp,End Timestamp,Character Count
1,This,0.000,0.520,0.520,00:00.000,00:00.520,4
2,is,0.520,0.820,0.300,00:00.520,00:00.820,2
3,day,0.820,1.080,0.260,00:00.820,00:01.080,3
4,33,1.080,1.960,0.880,00:01.080,00:01.960,2
5,of,1.960,2.380,0.420,00:01.960,00:02.380,2
6,learning,2.380,2.660,0.280,00:02.380,00:02.660,8
7,agent,2.660,3.120,0.460,00:02.660,00:03.120,5
8,AI,3.120,3.600,0.480,00:03.120,00:03.600,2
9,from,3.600,4.040,0.440,00:03.600,00:04.040,4
10,first,4.040,4.460,0.420,00:04.040,00:04.460,5
11,principles.,4.460,5.060,0.600,00:04.460,00:05.060,11
12,Last,5.620,5.940,0.320,00:05.620,00:05.940,4
13,"day,",5.940,6.280,0.340,00:05.940,00:06.280,4
14,we,6.480,6.580,0.100,00:06.480,00:06.580,2
15,learned,6.580,6.800,0.220,00:06.580,00:06.800,7
16,what,6.800,7.040,0.240,00:06.800,00:07.040,4
17,a,7.040,7.140,0.100,00:07.040,00:07.140,1
18,trajectory,7.140,7.480,0.340,00:07.140,00:07.480,10
19,is.,7.480,8.080,0.600,00:07.480,00:08.080,3
20,The,8.380,8.460,0.080,00:08.380,00:08.460,3
21,complete,8.460,8.820,0.360,00:08.460,00:08.820,8
22,sequence,8.820,9.300,0.480,00:08.820,00:09.300,8
23,of,9.300,9.580,0.280,00:09.300,00:09.580,2
24,actions,9.580,9.960,0.380,00:09.580,00:09.960,7
25,and,9.960,10.260,0.300,00:09.960,00:10.260,3
26,observations,10.260,10.780,0.520,00:10.260,00:10.780,12
27,from,10.780,11.240,0.460,00:10.780,00:11.240,4
28,task,11.240,11.500,0.260,00:11.240,00:11.500,4
29,start,11.500,11.880,0.380,00:11.500,00:11.880,5
30,to,11.880,12.180,0.300,00:11.880,00:12.180,2
31,task,12.180,12.480,0.300,00:12.180,00:12.480,4
32,end.,12.480,12.760,0.280,00:12.480,00:12.760,4
33,"Today,",13.180,13.660,0.480,00:13.180,00:13.660,6
34,we,14.040,14.140,0.100,00:14.040,00:14.140,2
35,define,14.140,14.520,0.380,00:14.140,00:14.520,6
36,the,14.520,14.860,0.340,00:14.520,00:14.860,3
37,step.,14.860,15.220,0.360,00:14.860,00:15.220,5
38,A,15.800,16.100,0.300,00:15.800,00:16.100,1
39,step,16.100,16.380,0.280,00:16.100,00:16.380,4
40,is,16.380,16.660,0.280,00:16.380,00:16.660,2
41,one,16.660,17.000,0.340,00:16.660,00:17.000,3
42,complete,17.000,17.600,0.600,00:17.000,00:17.600,8
43,iteration,17.600,17.980,0.380,00:17.600,00:17.980,9
44,of,17.980,18.420,0.440,00:17.980,00:18.420,2
45,the,18.420,18.540,0.120,00:18.420,00:18.540,3
46,agent,18.540,18.800,0.260,00:18.540,00:18.800,5
47,loop.,18.800,19.020,0.220,00:18.800,00:19.020,5
48,One,19.620,19.740,0.120,00:19.620,00:19.740,3
49,observation,19.740,20.120,0.380,00:19.740,00:20.120,11
50,"in,",20.120,20.560,0.440,00:20.120,00:20.560,3
51,one,20.920,21.200,0.280,00:20.920,00:21.200,3
52,action,21.200,21.600,0.400,00:21.200,00:21.600,6
53,out.,21.600,21.920,0.320,00:21.600,00:21.920,4
54,That,22.460,22.820,0.360,00:22.460,00:22.820,4
55,is,22.820,23.060,0.240,00:22.820,00:23.060,2
56,the,23.060,23.240,0.180,00:23.060,00:23.240,3
57,atomic,23.240,23.780,0.540,00:23.240,00:23.780,6
58,unit,23.780,24.300,0.520,00:23.780,00:24.300,4
59,of,24.300,24.580,0.280,00:24.300,00:24.580,2
60,agent,24.580,24.820,0.240,00:24.580,00:24.820,5
61,execution.,24.820,25.380,0.560,00:24.820,00:25.380,10
62,Search,26.100,26.400,0.300,00:26.100,00:26.400,6
63,results,26.400,26.680,0.280,00:26.400,00:26.680,7
64,arrive.,26.680,27.020,0.340,00:26.680,00:27.020,7
65,That,27.400,27.660,0.260,00:27.400,00:27.660,4
66,is,27.660,27.840,0.180,00:27.660,00:27.840,2
67,the,27.840,27.960,0.120,00:27.840,00:27.960,3
68,observation.,27.960,28.480,0.520,00:27.960,00:28.480,12
69,Call,28.480,29.260,0.780,00:28.480,00:29.260,4
70,the,29.260,29.440,0.180,00:29.260,00:29.440,3
71,document,29.440,29.780,0.340,00:29.440,00:29.780,8
72,reader.,29.780,30.060,0.280,00:29.780,00:30.060,7
73,That,30.520,30.680,0.160,00:30.520,00:30.680,4
74,is,30.680,30.900,0.220,00:30.680,00:30.900,2
75,the,30.900,31.060,0.160,00:30.900,00:31.060,3
76,action.,31.060,31.360,0.300,00:31.060,00:31.360,7
77,One,32.000,32.140,0.140,00:32.000,00:32.140,3
78,step,32.140,32.420,0.280,00:32.140,00:32.420,4
79,complete.,32.420,32.840,0.420,00:32.420,00:32.840,9
80,Move,33.360,33.460,0.100,00:33.360,00:33.460,4
81,to,33.460,33.660,0.200,00:33.460,00:33.660,2
82,the,33.660,33.740,0.080,00:33.660,00:33.740,3
83,next.,33.740,34.000,0.260,00:33.740,00:34.000,5
84,Complex,35.020,35.320,0.300,00:35.020,00:35.320,7
85,tasks,35.320,35.700,0.380,00:35.320,00:35.700,5
86,require,35.700,36.200,0.500,00:35.700,00:36.200,7
87,dozens,36.200,36.840,0.640,00:36.200,00:36.840,6
88,of,36.840,37.120,0.280,00:36.840,00:37.120,2
89,steps.,37.120,37.360,0.240,00:37.120,00:37.360,6
90,Sometimes,37.860,38.340,0.480,00:37.860,00:38.340,9
91,hundreds.,38.340,38.840,0.500,00:38.340,00:38.840,9
92,The,39.500,39.720,0.220,00:39.500,00:39.720,3
93,entire,39.720,40.240,0.520,00:39.720,00:40.240,6
94,trajectory,40.240,40.820,0.580,00:40.240,00:40.820,10
95,is,40.820,41.160,0.340,00:40.820,00:41.160,2
96,a,41.160,41.240,0.080,00:41.160,00:41.240,1
97,chain,41.240,41.560,0.320,00:41.240,00:41.560,5
98,of,41.560,41.780,0.220,00:41.560,00:41.780,2
99,steps.,41.780,42.160,0.380,00:41.780,00:42.160,6
100,Each,42.620,42.840,0.220,00:42.620,00:42.840,4
101,one,42.840,43.060,0.220,00:42.840,00:43.060,3
102,a,43.060,43.280,0.220,00:43.060,00:43.280,1
103,"small,",43.280,43.700,0.420,00:43.280,00:43.700,6
104,controlled,43.960,44.480,0.520,00:43.960,00:44.480,10
105,exchange,44.480,44.960,0.480,00:44.480,00:44.960,8
106,between,44.960,45.380,0.420,00:44.960,00:45.380,7
107,the,45.380,45.560,0.180,00:45.380,00:45.560,3
108,agent,45.560,45.860,0.300,00:45.560,00:45.860,5
109,and,45.860,46.100,0.240,00:45.860,00:46.100,3
110,its,46.100,46.260,0.160,00:46.100,00:46.260,3
111,environment.,46.260,46.700,0.440,00:46.260,00:46.700,12
112,The,47.560,47.760,0.200,00:47.560,00:47.760,3
113,value,47.760,48.180,0.420,00:47.760,00:48.180,5
114,of,48.180,48.400,0.220,00:48.180,00:48.400,2
115,thinking,48.400,48.720,0.320,00:48.400,00:48.720,8
116,in,48.720,48.980,0.260,00:48.720,00:48.980,2
117,steps,48.980,49.260,0.280,00:48.980,00:49.260,5
118,is,49.260,49.620,0.360,00:49.260,00:49.620,2
119,what,49.620,49.800,0.180,00:49.620,00:49.800,4
120,each,49.800,50.180,0.380,00:49.800,00:50.180,4
121,boundary,50.180,50.680,0.500,00:50.180,00:50.680,8
122,gives,50.680,50.980,0.300,00:50.680,00:50.980,5
123,you.,50.980,51.240,0.260,00:50.980,00:51.240,4
124,Each,51.860,52.100,0.240,00:51.860,00:52.100,4
125,step,52.100,52.340,0.240,00:52.100,00:52.340,4
126,is,52.340,52.600,0.260,00:52.340,00:52.600,2
127,independently,52.600,53.300,0.700,00:52.600,00:53.300,13
128,auditable.,53.300,53.960,0.660,00:53.300,00:53.960,10
129,Was,54.380,54.600,0.220,00:54.380,00:54.600,3
130,this,54.600,54.780,0.180,00:54.600,00:54.780,4
131,decision,54.780,55.200,0.420,00:54.780,00:55.200,8
132,correct,55.200,55.560,0.360,00:55.200,00:55.560,7
133,given,55.560,55.940,0.380,00:55.560,00:55.940,5
134,this,55.940,56.160,0.220,00:55.940,00:56.160,4
135,input?,56.160,56.400,0.240,00:56.160,00:56.400,6
136,What?,56.400,56.500,0.100,00:56.400,00:56.500,5
137,Each,57.220,57.460,0.240,00:57.220,00:57.460,4
138,step,57.460,57.660,0.200,00:57.460,00:57.660,4
139,is,57.660,57.900,0.240,00:57.660,00:57.900,2
140,individually,57.900,58.560,0.660,00:57.900,00:58.560,12
141,cost,58.560,59.020,0.460,00:58.560,00:59.020,4
142,measurable.,59.020,59.520,0.500,00:59.020,00:59.520,11
143,One,60.120,60.360,0.240,01:00.120,01:00.360,3
144,model,60.360,60.620,0.260,01:00.360,01:00.620,5
145,"call,",60.620,60.840,0.220,01:00.620,01:00.840,5
146,one,61.260,61.500,0.240,01:01.260,01:01.500,3
147,tool,61.500,61.700,0.200,01:01.500,01:01.700,4
148,"call,",61.700,61.920,0.220,01:01.700,01:01.920,5
149,tokens,62.420,62.640,0.220,01:02.420,01:02.640,6
150,counted.,62.640,63.100,0.460,01:02.640,01:03.100,8
151,Each,63.780,64.100,0.320,01:03.780,01:04.100,4
152,step,64.100,64.320,0.220,01:04.100,01:04.320,4
153,is,64.320,64.560,0.240,01:04.320,01:04.560,2
154,separately,64.560,65.120,0.560,01:04.560,01:05.120,10
155,retriable.,65.120,65.920,0.800,01:05.120,01:05.920,10
156,If,66.420,66.680,0.260,01:06.420,01:06.680,2
157,step,66.680,66.860,0.180,01:06.680,01:06.860,4
158,17,66.860,67.240,0.380,01:06.860,01:07.240,2
159,"fails,",67.240,67.620,0.380,01:07.240,01:07.620,6
160,you,68.000,68.160,0.160,01:08.000,01:08.160,3
161,retry,68.160,68.600,0.440,01:08.160,01:08.600,5
162,step,68.600,68.840,0.240,01:08.600,01:08.840,4
163,17.,68.840,69.400,0.560,01:08.840,01:09.400,3
164,Not,69.860,70.120,0.260,01:09.860,01:10.120,3
165,the,70.120,70.300,0.180,01:10.120,01:10.300,3
166,entire,70.300,70.740,0.440,01:10.300,01:10.740,6
167,task,70.740,71.080,0.340,01:10.740,01:11.080,4
168,from,71.080,71.300,0.220,01:11.080,01:11.300,4
169,the,71.300,71.400,0.100,01:11.300,01:11.400,3
170,beginning.,71.400,71.680,0.280,01:11.400,01:11.680,10
171,Reliability,72.800,73.360,0.560,01:12.800,01:13.360,11
172,is,73.360,73.640,0.280,01:13.360,01:13.640,2
173,engineered,73.640,74.100,0.460,01:13.640,01:14.100,10
174,at,74.100,74.320,0.220,01:14.100,01:14.320,2
175,the,74.320,74.440,0.120,01:14.320,01:14.440,3
176,step,74.440,74.760,0.320,01:14.440,01:14.760,4
177,level.,74.760,75.120,0.360,01:14.760,01:15.120,6
178,Not,75.540,75.660,0.120,01:15.540,01:15.660,3
179,the,75.660,75.820,0.160,01:15.660,01:15.820,3
180,task,75.820,76.100,0.280,01:15.820,01:16.100,4
181,level.,76.100,76.380,0.280,01:16.100,01:16.380,6
182,One,77.300,77.700,0.400,01:17.300,01:17.700,3
183,large,77.700,78.140,0.440,01:17.700,01:18.140,5
184,goal,78.140,78.400,0.260,01:18.140,01:18.400,4
185,produces,78.400,78.860,0.460,01:18.400,01:18.860,8
186,many,78.860,79.300,0.440,01:18.860,01:19.300,4
187,steps.,79.300,79.720,0.420,01:19.300,01:19.720,6
188,But,80.160,80.380,0.220,01:20.160,01:20.380,3
189,those,80.380,80.580,0.200,01:20.380,01:20.580,5
190,steps,80.580,80.900,0.320,01:20.580,01:20.900,5
191,need,80.900,81.100,0.200,01:20.900,01:21.100,4
192,to,81.100,81.260,0.160,01:21.100,01:21.260,2
193,arrive,81.260,81.540,0.280,01:21.260,01:21.540,6
194,in,81.540,81.780,0.240,01:21.540,01:21.780,2
195,the,81.780,81.880,0.100,01:21.780,01:21.880,3
196,right,81.880,82.100,0.220,01:21.880,01:22.100,5
197,order.,82.100,82.480,0.380,01:22.100,01:22.480,6
198,How,83.070,83.320,0.250,01:23.070,01:23.320,3
199,do,83.320,83.440,0.120,01:23.320,01:23.440,2
200,you,83.440,83.540,0.100,01:23.440,01:23.540,3
201,break,83.540,83.740,0.200,01:23.540,01:23.740,5
202,a,83.740,83.940,0.200,01:23.740,01:23.940,1
203,complex,83.940,84.380,0.440,01:23.940,01:24.380,7
204,goal,84.380,84.700,0.320,01:24.380,01:24.700,4
205,into,84.700,85.100,0.400,01:24.700,01:25.100,4
206,that,85.100,85.300,0.200,01:25.100,01:25.300,4
207,ordered,85.300,85.560,0.260,01:25.300,01:25.560,7
208,sequence?,85.560,85.980,0.420,01:25.560,01:25.980,9
209,That,86.620,86.880,0.260,01:26.620,01:26.880,4
210,problem,86.880,87.240,0.360,01:26.880,01:27.240,7
211,has,87.240,87.420,0.180,01:27.240,01:27.420,3
212,a,87.420,87.560,0.140,01:27.420,01:27.560,1
213,name.,87.560,87.800,0.240,01:27.560,01:27.800,5
214,And,88.260,88.360,0.100,01:28.260,01:28.360,3
215,we,88.360,88.540,0.180,01:28.360,01:28.540,2
216,solve,88.540,88.740,0.200,01:28.540,01:28.740,5
217,it,88.740,88.880,0.140,01:28.740,01:28.880,2
218,next.,88.880,89.160,0.280,01:28.880,01:29.160,5
